qnt_produzida,cod_ibge,uf
34886.51107,29,BA
81994.445475,52,GO
9537.088995000002,31,MG
23366.27373,50,MS
111700.73465,51,MT
3603.312605,22,PI
104092.063435,41,PR
11719.615635000002,33,RJ
316.54561000000007,11,RO
157741.91395500003,43,RS
8652.858645,42,SC
14891.837055,35,SP
11959.30076,17,TO
