{
	"Brasil": [[-74.38242360409, -34.14140818471], [-34.40111282491, 5.66207126771]],
	"RO": [[-66.88061206881, -13.75087844126], [-59.70399847419, -7.91868997874]],
	"AC": [[-74.06411852651999, -11.18589883788], [-66.54992565948001, -7.07148700812]],
	"AM": [[-73.97859811577001, -9.93869263936], [-55.92051803723, 2.36727732536]],
	"RR": [[-64.88463739709, -1.64915784783], [-58.827500701910004, 5.3403658188300005]],
	"PA": [[-59.02669743582, -9.96547528223], [-45.93305578218, 2.71534885123]],
	"AP": [[-54.92625586272, -1.29362630844], [-49.82567622528, 4.56626700444]],
	"TO": [[-50.792491970689994, -13.55117272568], [-45.64883671631, -5.08538257232]],
	"MA": [[-48.82474155367, -10.35388906781], [-41.72647825333, -0.95720375519]],
	"PI": [[-46.084783761290005, -11.01054638694], [-40.313932791709995, -2.6679625170600003]],
	"CE": [[-41.46522660265, -7.90892106106], [-37.21095005035, -2.73358487494]],
	"RN": [[-38.618234966790006, -7.004248345790001], [-34.93231759821, -4.8098678992099995]],
	"PB": [[-38.805328597679996, -8.32572548245], [-34.75336129032, -6.0031414745500005]],
	"PE": [[-41.4238526386, -9.504996879590001], [-34.7411742694, -7.250854347410001]],
	"AL": [[-38.26844702931, -10.517320951090001], [-35.121034731689996, -8.79625352191]],
	"SE": [[-38.26349973094, -11.58912518076], [-36.377450071060004, -9.49449431124]],
	"BA": [[-46.66964598653, -18.446717656889998], [-37.24878527447, -8.43466317411]],
	"MG": [[-51.1579743402, -23.00965100594], [-39.7449363618, -14.146284920060001]],
	"ES": [[-41.90193350959, -21.3358803403], [-39.64387682941, -17.8578462637]],
	"RJ": [[-44.92863434735, -23.39498922701], [-40.91862711965, -20.73714819599]],
	"SP": [[-53.19959899568, -25.367647954040002], [-44.07187770032, -19.72432913996]],
	"PR": [[-54.68618008491, -26.75913027442], [-47.95757067609, -22.47428689558]],
	"SC": [[-53.89193441979, -29.389058128669998], [-48.303848223210004, -25.92184958033]],
	"RS": [[-57.72932673436, -33.817866753740006], [-49.61176787764, -27.01561326026]],
	"MS": [[-58.24096771408, -24.13760597772], [-50.85045305392, -17.097326204279998]],
	"MT": [[-61.747468748, -18.14852393859], [-50.110720615999995, -7.2421026824100005]],
	"GO": [[-53.3219764798, -19.569397613], [-45.8337412582, -12.323939405]],
	"DF": [[-48.29560248614, -16.05547339284], [-47.29863131786, -15.49633817316]]
}